--公司用户信息表

COPY t_hotel (id, hotel_code,cname, ename, hotel_county, city, post_as, country, region, province, telephone, fax) FROM stdin;
1	1	假日酒店	q0	青羊区	成都	734200	中国	亚洲	四川	18980218901	028-092342323
2	2	成都武侯区七天酒店	q1	武侯区	成都	734200	中国	亚洲	四川	18980218901	028-092342323
3	3	成都青羊区七天酒店	q2	武侯区	成都	734200	中国	亚洲	四川	18980218901	028-092342323
4	4	成都金牛区七天酒店	q3	武侯区	成都	734200	中国	亚洲	四川	18980218901	028-092342323
5	5	武侯区酒店1	q4	武侯区	成都	734200	中国	亚洲	四川	18980218901	028-092342323
6	6	武侯区酒店2	q5	武侯区	成都	734200	中国	亚洲	四川	18980218901	028-092342323
7	7	武侯区酒店3	q6	武侯区	成都	734200	中国	亚洲	四川	18980218901	028-092342323
8	8	武侯区酒店4	q7	武侯区	成都	734200	中国	亚洲	四川	18980218901	028-092342323
9	9	武侯区酒店5	q8	武侯区	成都	734200	中国	亚洲	四川	18980218901	028-092342323
10	10	武侯区酒店6	q9	武侯区	成都	734200	中国	亚洲	四川	18980218901	028-092342323
11	11	北京武侯区七天酒店	q1	青羊区	北京	734200	中国	亚洲	北京	18980218902	028-092342322
12	12	北京武侯区七天酒店	q1	武侯区	北京	734200	中国	亚洲	北京	18980218902	028-092342322
13	14	北京青羊区七天酒店	q2	武侯区	北京	734200	中国	亚洲	北京	18980218902	028-092342322
14	13	北京金牛区七天酒店	q3	武侯区	北京	734200	中国	亚洲	北京	18980218902	028-092342322
15	11	北京武侯区七天酒店	q1	青羊区	北京	734200	中国	亚洲	北京	18980218902	028-092342322
16	16	上海武侯区七天酒店	q1	武侯区	上海	734200	中国	亚洲	上海	18980218903	028-092342323
17	17	上海青羊区七天酒店	q2	武侯区	上海	734200	中国	亚洲	上海	18980218903	028-092342323
18	18	上海金牛区七天酒店	q3	武侯区	上海	734200	中国	亚洲	上海	18980218903	028-092342323
19	19	上海武侯区七天酒店	q1	青羊区	上海	734200	中国	亚洲	上海	18980218903	028-092342323
20	20	上海武侯区七天酒店	q1	武侯区	上海	734200	中国	亚洲	上海	18980218903	028-092342323
21	21	上海青羊区七天酒店	q2	武侯区	上海	734200	中国	亚洲	上海	18980218903	028-092342323
22	22	上海金牛区七天酒店	q3	武侯区	上海	734200	中国	亚洲	上海	18980218903	028-092342323
23	23	上海武侯区七天酒店	q1	青羊区	上海	734200	中国	亚洲	上海	18980218903	028-092342323
24	24	上海武侯区七天酒店	q1	武侯区	上海	734200	中国	亚洲	上海	18980218903	028-092342323
25	25	上海青羊区七天酒店	q2	武侯区	上海	734200	中国	亚洲	上海	18980218903	028-092342323
26	26	上海青羊区七天酒店	q2	武侯区	上海	734200	中国	亚洲	上海	18980218903	028-092342323
27	27	上海金牛区七天酒店	q3	武侯区	上海	734200	中国	亚洲	上海	18980218903	028-092342323
28	28	上海武侯区七天酒店	q1	青羊区	上海	734200	中国	亚洲	上海	18980218903	028-092342323
29	29	上海武侯区七天酒店	q1	武侯区	上海	734200	中国	亚洲	上海	18980218903	028-092342323
30	30	上海青羊区七天酒店	q2	武侯区	上海	734200	中国	亚洲	上海	18980218903	028-092342323
31	31	天津武侯区七天酒店	q1	武侯区	天津	734200	中国	亚洲	天津	18980218904	028-092342324
32	32	天津青羊区七天酒店	q2	武侯区	天津	734200	中国	亚洲	天津	18980218904	028-092342324
33	33	天津金牛区七天酒店	q3	武侯区	天津	734200	中国	亚洲	天津	18980218904	028-092342324
34	34	天津武侯区七天酒店	q1	青羊区	天津	734200	中国	亚洲	天津	18980218904	028-092342324
35	35	天津武侯区七天酒店	q1	武侯区	天津	734200	中国	亚洲	天津	18980218904	028-092342324
36	36	天津青羊区七天酒店	q2	武侯区	天津	734200	中国	亚洲	天津	18980218904	028-092342324
37	37	天津金牛区七天酒店	q3	武侯区	天津	734200	中国	亚洲	天津	18980218904	028-092342324
38	38	天津武侯区七天酒店	q1	青羊区	天津	734200	中国	亚洲	天津	18980218904	028-092342324
39	39	天津武侯区七天酒店	q1	武侯区	天津	734200	中国	亚洲	天津	18980218904	028-092342324
40	40	天津青羊区七天酒店	q2	武侯区	天津	734200	中国	亚洲	天津	18980218904	028-092342324
41	41	天津武侯区七天酒店	q1	武侯区	天津	734200	中国	亚洲	天津	18980218904	028-092342324
42	42	天津青羊区七天酒店	q2	武侯区	天津	734200	中国	亚洲	天津	18980218904	028-092342324
43	43	天津金牛区七天酒店	q3	武侯区	天津	734200	中国	亚洲	天津	18980218904	028-092342324
44	44	天津武侯区七天酒店	q1	青羊区	天津	734200	中国	亚洲	天津	18980218904	028-092342324
45	45	天津武侯区七天酒店	q1	武侯区	天津	734200	中国	亚洲	天津	18980218904	028-092342324
46	46	天津青羊区七天酒店	q2	武侯区	天津	734200	中国	亚洲	天津	18980218904	028-092342324
47	47	天津金牛区七天酒店	q3	武侯区	天津	734200	中国	亚洲	天津	18980218904	028-092342324
48	48	天津武侯区七天酒店	q1	青羊区	天津	734200	中国	亚洲	天津	18980218904	028-092342324
49	49	天津武侯区七天酒店	q1	武侯区	天津	734200	中国	亚洲	天津	18980218904	028-092342324
50	50	天津青羊区七天酒店	q2	武侯区	天津	734200	中国	亚洲	天津	18980218904	028-092342324
\.

COPY t_resaurant_bars_info (id, hotel_id,rba_name,rba_rb_code,rba_location,rba_price,rba_box,rba_box_contain) FROM stdin;
1	1	零度空间q1	1	成都	500	50	100
2	2	零度空间q2	2	成都	500	50	100
3	3	零度空间q3	3	成都	500	50	100
4	4	零度空间q4	4	成都	500	50	100
5	5	零度空间q5	5	成都	500	50	100
6	6	零度空间q6	6	成都	500	50	100
7	7	零度空间q7	7	成都	500	50	100
8	8	零度空间q8	8	成都	500	50	100
9	9	零度空间q9	9	成都	500	50	100
10	10	零度空间q10	10	成都	500	50	100
11	11	零度空间q11	11	北京	500	50	100
12	12	零度空间q12	12	北京	500	50	100
13	13	零度空间q13	13	北京	500	50	100
14	14	零度空间q14	14	北京	500	50	100
15	15	零度空间q15	15	北京	500	50	100
16	16	零度空间q16	16	上海	500	50	100
17	17	零度空间q17	17	上海	500	50	100
18	18	零度空间q18	18	上海	500	50	100
19	19	零度空间q19	19	上海	500	50	100
20	20	零度空间q20	20	上海	500	50	100
21	21	零度空间q21	21	上海	500	50	100
22	22	零度空间q22	22	上海	500	50	100
23	23	零度空间q23	23	上海	500	50	100
24	24	零度空间q24	24	上海	500	50	100
25	25	零度空间q25	25	上海	500	50	100
26	26	零度空间q26	26	上海	500	50	100
27	27	零度空间q27	27	上海	500	50	100
28	28	零度空间q28	28	上海	500	50	100
29	29	零度空间q29	29	上海	500	50	100
30	30	零度空间q30	30	上海	500	50	100
31	31	零度空间q31	31	天津	500	50	100
32	32	零度空间q32	32	天津	500	50	100
33	33	零度空间q33	33	天津	500	50	100
34	334	零度空间q34	34	天津	500	50	100
35	35	零度空间q35	35	天津	500	50	100
36	36	零度空间q36	36	天津	500	50	100
37	37	零度空间q37	37	天津	500	50	100
38	38	零度空间q38	38	天津	500	50	100
39	39	零度空间q39	39	天津	500	50	100
40	40	零度空间q40	40	天津	500	50	100
41	41	零度空间q41	41	天津	500	50	100
42	42	零度空间q42	42	天津	500	50	100
43	43	零度空间q43	43	天津	500	50	100
44	44	零度空间q44	44	天津	500	50	100
45	45	零度空间q45	45	天津	500	50	100
46	46	零度空间q46	46	天津	500	50	100
47	47	零度空间q47	47	天津	500	50	100
48	48	零度空间q48	48	天津	500	50	100
49	49	零度空间q49	49	天津	500	50	100
50	50	零度空间q50	50	天津	500	50	100
\.

COPY t_banquet_info (id, hotel_id,ban_name,ban_code,ban_location,ban_contain) FROM stdin;
1	1	大宴会厅q1	1	成都	500
2	2	大宴会厅q2	2	成都	500
3	3	大宴会厅q3	3	成都	500
4	4	大宴会厅q4	4	成都	500
5	5	大宴会厅q5	5	成都	500
6	6	大宴会厅q6	6	成都	500
7	7	大宴会厅q7	7	成都	500
8	8	大宴会厅q8	8	成都	500
9	9	大宴会厅q9	9	成都	500
10	10	大宴会厅q10	10	成都	500
11	11	大宴会厅q11	11	北京	500
12	12	大宴会厅q12	12	北京	500
13	13	大宴会厅q13	13	北京	500
14	14	大宴会厅q14	14	北京	500
15	15	大宴会厅q15	15	北京	500
16	16	大宴会厅q16	16	上海	500
17	17	大宴会厅q17	17	上海	500
18	18	大宴会厅q18	18	上海	500
19	19	大宴会厅q19	19	上海	500
20	20	大宴会厅q20	20	上海	500
21	21	大宴会厅q21	21	上海	500
22	22	大宴会厅q22	22	上海	500
23	23	大宴会厅q23	23	上海	500
24	24	大宴会厅q24	24	上海	500
25	25	大宴会厅q25	25	上海	500
26	26	大宴会厅q26	26	上海	500
27	27	大宴会厅q27	27	上海	500
28	28	大宴会厅q28	28	上海	500
29	29	大宴会厅q29	29	上海	500
30	30	大宴会厅q30	30	上海	500
31	31	大宴会厅q31	31	天津	500
32	32	大宴会厅q32	32	天津	500
33	33	大宴会厅q33	33	天津	500
34	34	大宴会厅q34	34	天津	500
35	35	大宴会厅q35	35	天津	500
36	36	大宴会厅q36	36	天津	500
37	37	大宴会厅q37	37	天津	500
38	38	大宴会厅q38	38	天津	500
39	39	大宴会厅q39	39	天津	500
40	40	大宴会厅q40	40	天津	500
41	41	大宴会厅q41	41	天津	500
42	42	大宴会厅q42	42	天津	500
43	43	大宴会厅q43	43	天津	500
44	44	大宴会厅q44	44	天津	500
45	45	大宴会厅q45	45	天津	500
46	46	大宴会厅q46	46	天津	500
47	47	大宴会厅q47	47	天津	500
48	48	大宴会厅q48	48	天津	500
49	49	大宴会厅q49	49	天津	500
50	50	大宴会厅q50	50	天津	500
\.

COPY t_store (id, hotel_id,store_name,store_code,store_location) FROM stdin;
1	1	土特产q1	1	成都
2	2	土特产q2	2	成都
3	3	土特产q3	3	成都
4	4	土特产q4	4	成都
5	5	土特产q5	5	成都
6	6	土特产q6	6	成都
7	7	土特产q7	7	成都
8	8	土特产q8	8	成都
9	9	土特产q9	9	成都
10	10	土特产q10	10	成都
11	11	土特产q11	11	北京
12	12	土特产q12	12	北京
13	13	土特产q13	13	北京
14	14	土特产q14	14	北京
15	15	土特产q15	15	北京
16	16	土特产q16	16	上海
17	17	土特产q17	17	上海
18	18	土特产q18	18	上海
19	19	土特产q19	19	上海
20	20	土特产q20	20	上海
21	21	土特产q21	21	上海
22	22	土特产q22	22	上海
23	23	土特产q23	23	上海
24	24	土特产q24	24	上海
25	25	土特产q25	25	上海
26	26	土特产q26	26	上海
27	27	土特产q27	27	上海
28	28	土特产q28	28	上海
29	29	土特产q29	29	上海
30	30	土特产q30	30	上海
31	31	土特产q31	31	天津
32	32	土特产q32	32	天津
33	33	土特产q33	33	天津
34	34	土特产q34	34	天津
35	35	土特产q35	35	天津
36	36	土特产q36	36	天津
37	37	土特产q37	37	天津
38	38	土特产q38	38	天津
39	39	土特产q39	39	天津
40	40	土特产q40	40	天津
41	41	土特产q41	41	天津
42	42	土特产q42	42	天津
43	43	土特产q43	43	天津
44	44	土特产q44	44	天津
45	45	土特产q45	45	天津
46	46	土特产q46	46	天津
47	47	土特产q47	47	天津
48	48	土特产q48	48	天津
49	49	土特产q49	49	天津
50	50	土特产q50	50	天津
\.



copy t_account(id, login, password) from stdin;
2	jiari	QL0AFWMIX8NRZTKeof9cXsvb
3	qitian	QL0AFWMIX8NRZTKeof9cXsvb
4	wuhou	QL0AFWMIX8NRZTKeof9cXsvb
5	jiari1	QL0AFWMIX8NRZTKeof9cXsvb
6	qitian1	QL0AFWMIX8NRZTKeof9cXsvb
7	qitian2	QL0AFWMIX8NRZTKeof9cXsvb
8	qitian3	QL0AFWMIX8NRZTKeof9cXsvb
9	wuhou1	QL0AFWMIX8NRZTKeof9cXsvb
10	wuhou2	QL0AFWMIX8NRZTKeof9cXsvb
11	wuhou3	QL0AFWMIX8NRZTKeof9cXsvb
12	wuhou4	QL0AFWMIX8NRZTKeof9cXsvb
13	wuhou5	QL0AFWMIX8NRZTKeof9cXsvb
14	wuhou6	QL0AFWMIX8NRZTKeof9cXsvb
\.



copy t_account_role(account_id, department_id, role_id, enabled) from stdin;
2	5	12	true
3	6	12	true
4	7	12	true
5	5	12	true
6	6	12	true
7	6	12	true
8	6	12	true
9	7	12	true
10	7	12	true
11	7	12	true
12	7	12	true
13	7	12	true
14	7	12	true
\.

COPY t_room (id, hotel_id, type) FROM stdin;
1	1	大床
2	1	双床
3	1	套房
4	1	豪华套房
5	2	大床
6	2	双床
7	2	套房
8	2	豪华套房
9	3	大床
10	3	双床
11	3	套房
12	3	豪华套房
13	4	大床
14	4	双床
15	4	套房
16	4	豪华套房
\.

COPY t_room_photo (id, hotel_id, url, room_id) FROM stdin;
1	1	http://promotion.elong.com/index/fold/fold1/pic/yuanlin4.jpg	1
2	1	http://promotion.elong.com/index/fold/fold1/pic/yuanlin8.jpg	2
3	1	http://promotion.elong.com/index/fold/fold1/pic/yuanlin7.jpg	3
4	1	http://promotion.elong.com/index/fold/fold6/pic/1002.jpg	4
5	2	http://promotion.elong.com/index/fold/fold1/pic/yuanlin11.jpg	5
6	2	http://promotion.elong.com/index/fold/fold1/pic/yuanlin13.jpg	6
7	2	http://promotion.elong.com/index/fold/fold1/pic/yuanlin14.jpg	7
8	2	http://promotion.elong.com/index/fold/fold6/pic/7002.jpg	8
\.


COPY t_hotel_info_seter (id, hotel_id, account_id,set_name,set_position,set_tel,set_mobile,set_email,set_wechat,set_qq) FROM stdin;
1	2	2	张三	经理	2267070	18396864587	544545@qq.com	wdwai	238596785
2	3	3	李四	经理	2267375	18385965487	458488@qq.com	gdgdg	214587558
3	4	4	王五	经理	2565889	18358877458	856454@qq.com	dhghge	258748445
4	1	5	jiari1	经理	1111111	11111111111	11111@qq.com	dasda	12312321
\.

COPY t_hotel_rerser_contact (id, hotel_id, account_id,con_name,con_position,con_tel,con_mobile,con_email,con_wechat,con_qq) FROM stdin;
\.

COPY t_hotel_sale_incharger (id, hotel_id, account_id,inc_name,inc_position,inc_tel,inc_mobile,inc_email,inc_wechat,inc_qq) FROM stdin;
\.

COPY t_hotel_mice_incharger (id, hotel_id, account_id,mic_name,mic_position,mic_tel,mic_mobile,mic_email,mic_wechat,mic_qq) FROM stdin;
\.

COPY t_hotel_market_dir (id, hotel_id, account_id,dir_name,dir_position,dir_tel,dir_mobile,dir_email,dir_wechat,dir_qq) FROM stdin;
\.

COPY t_hotel_manager (id, hotel_id, account_id,man_name,man_position,man_tel,man_mobile,man_email,man_wechat,man_qq) FROM stdin;
\.

COPY t_store_price (id, store_id,store_price) FROM stdin;
1	1	200
2	1	300
3	1	400
4	2	500
5	2	500
6	2	500
7	2	500
8	2	500
9	2	500
10	2	500
11	2	500
12	2	500
13	2	500
14	2	500
15	2	500
16	2	500
17	2	500
18	2	500
19	2	500
20	2	500
21	2	500
22	2	500
23	2	500
24	2	500
25	2	500
26	2	500
27	2	500
28	2	500
29	2	500
30	2	500
\.

COPY t_online_price_room (id, hotel_id,online_pay_type,online_price,room_type) FROM stdin;
1	1	1	126	大床
2	1	2	234	双床
3	1	0	199	套房
4	1	2	124	豪华套房
5	2	0	126	大床
6	2	1	234	双床
7	2	0	199	套房
8	2	2	124	豪华套房
\.
